<?xml version="1.0" encoding="UTF-8"?>
<project-private xmlns="http://www.netbeans.org/ns/project-private/1">
    <editor-bookmarks xmlns="http://www.netbeans.org/ns/editor-bookmarks/2" lastBookmarkId="0"/>
    <open-files xmlns="http://www.netbeans.org/ns/projectui-open-files/2">
        <group>
            <file>file:/C:/xampp/htdocs/makeage/app/Providers/Admin/SchoolServiceProvider.php</file>
            <file>file:/C:/xampp/htdocs/makeage/resources/views/admin/school/school_list.blade.php</file>
            <file>file:/C:/xampp/htdocs/makeage/public/assets/admin/js/school-list.js</file>
            <file>file:/C:/xampp/htdocs/makeage/routes/web.php</file>
            <file>file:/C:/xampp/htdocs/makeage/resources/views/admin/layout/sidebar.blade.php</file>
            <file>file:/C:/xampp/htdocs/makeage/resources/views/admin/layout/menu_header.blade.php</file>
            <file>file:/C:/xampp/htdocs/makeage/app/Models/Admin.php</file>
            <file>file:/C:/xampp/htdocs/makeage/app/Http/Controllers/Admin/UserController.php</file>
            <file>file:/C:/xampp/htdocs/makeage/app/Http/Controllers/Admin/SchoolController.php</file>
            <file>file:/C:/xampp/htdocs/makeage/app/Models/School.php</file>
            <file>file:/C:/xampp/htdocs/makeage/app/Http/Controllers/Admin/AdminController.php</file>
        </group>
    </open-files>
</project-private>
